<?xml version="1.0" encoding="UTF-8"?>
<!DOCTYPE struts-config PUBLIC
          "-//Apache Software Foundation//DTD Struts Configuration 1.2//EN"
          "http://jakarta.apache.org/struts/dtds/struts-config_1_2.dtd">

<struts-config>
	<form-beans> 
	<!-- This will be executed before action mappings -->
	<!-- form bean name will be passed as parameter to action -->
	
		<form-bean name="login" type="com.test.bean.LoginBean"></form-bean>
		<form-bean name="register" type="com.test.bean.RegisterBean"></form-bean>
		<form-bean name="uploadbn" type="com.test.bean.UploadBean"></form-bean>
	</form-beans>
	<action-mappings>
		<action path="/log" input="/pages/login.jsp" name="login"
			type="com.test.Action.LoginAction">
			<forward name="student" path="/reg.do"></forward>
			<forward name="admin" path="/pages/admin.jsp"></forward>
			<forward name="staff" path="/pages/staff.jsp"></forward>
			<forward name="success" path="/pages/success.jsp"></forward>
			<forward name="send" path="/pages/staff.jsp"></forward>
		</action>
		<action path="/reg" type="com.test.Action.RegisterAction">
			<forward name="register_result" path="/pages/register.jsp"></forward>
		</action>
		<action input="/pages/login.jsp" name="register" path="/registered"
			type="com.test.Action.RegisterAction">
			<forward name="register_result" path="/reg.do"></forward>
		</action>
		<action path="/statedata" type="com.test.Action.StateAction">
			<forward name="state" path="/pages/register.jsp"></forward>
		</action>
		<action input="/pages/register.jsp" path="/exportexcel" name="register"
			type="com.test.Action.ExportExcel">
			<forward name="excel" path="/pages/register.jsp"></forward>
		</action>
		<action input="/pages/register.jsp" path="/exportpdf" name="register"
			type="com.test.Action.ExportPdf">
			<forward name="pdf" path="/pages/register.jsp"></forward>
		</action>
		<action input="/pages/register.jsp" path="/exportxml" name="register"
			type="com.test.Action.ExportXml">
			<forward name="xmlval" path="/pages/register.jsp"></forward>

		</action>
		<action input="/pages/register.jsp" path="/editval" name="register"
			type="com.test.Action.EditvalAction">
			<forward name="editprocess" path="/pages/register.jsp"></forward>
		</action>

		<action input="/pages/register.jsp" path="/deleteval" name="register"
			type="com.test.Action.DeleteAction">
			<forward name="deletedata" path="/reg.do" redirect="true"></forward>
		</action>
		
		<action input="/pages/register.jsp" path="/saveImg" name="register"
			type="com.test.Action.SaveImgAction">
			<forward name="image" path="/pages/register.jsp"></forward>
		</action>
		
		<action input="/pages/register.jsp" path="/uploadval" name="uploadbn"
			type="com.test.Action.UploadAction">
			<forward name="uploadfile" path="/pages/register.jsp"></forward>
		</action>
		
		<action input="/pages/register.jsp" path="/imgdisplay" name="uploadbn"
			type="com.test.Action.ViewImgAction">
			<forward name="viewImage" path="/pages/ViewImages.jsp"></forward>
		</action>

	</action-mappings>

	<message-resources parameter="com.test.MessageResource.message"></message-resources>

</struts-config>

